Category,Price
Sports,31.05
Clothing,186.23
Sports,237.76
Toys,129.89
Beauty,195.84
Books,120.93
Toys,73.06
Sports,170.58
Sports,360.82
Home & Kitchen,207.68
Books,65.78
Beauty,334.7
Home & Kitchen,258.92
Sports,13.13
Clothing,228.83
Home & Kitchen,108.02
Toys,426.75
Home & Kitchen,52.98
Electronics,223.89
Clothing,166.75
Home & Kitchen,65.64
Toys,21.45
Books,336.37
Home & Kitchen,351.87
Toys,205.71
Sports,265.6
Toys,262.91
Beauty,176.35
Electronics,176.47
Toys,209.08
Toys,350.75
Home & Kitchen,61.65
Beauty,20.39
Toys,78.82
Home & Kitchen,112.26
Books,285.77
Toys,18.13
Clothing,81.1
Clothing,441.69
Electronics,94.03
Home & Kitchen,303.33
Toys,363.06
Electronics,303.14
Home & Kitchen,253.36
Clothing,404.77
Sports,191.04
Home & Kitchen,367.96
Home & Kitchen,279.77
Beauty,479.19
Home & Kitchen,315.55
Books,77.31
Toys,217.8
Toys,300.23
Electronics,11.86
Toys,29.96
Electronics,414.76
Toys,234.13
Home & Kitchen,133.79
Books,202.26
Electronics,389.4
Beauty,272.18
Sports,9.7
Beauty,239.86
Sports,157.62
Clothing,304.09
Beauty,112.45
Books,304.65
Sports,295.59
Sports,284.55
Clothing,113.09
Toys,161.81
Clothing,138.81
Toys,15.4
Home & Kitchen,275.34
Clothing,268.38
Books,137.44
Electronics,74.46
Home & Kitchen,232.99
Sports,362.61
Electronics,364.97
Home & Kitchen,269.19
Toys,340.79
Home & Kitchen,107.72
Clothing,28.07
Toys,124.95
Books,466.17
Toys,238.56
Books,229.18
Books,232.25
Books,219.5
Clothing,34.74
Clothing,386.91
Toys,281.07
Sports,173.95
Electronics,151.33
Electronics,77.34
Beauty,471.25
Sports,303.91
Electronics,133.93
Clothing,81.18
Books,215.72
Home & Kitchen,40.83
Sports,182.04
Beauty,66.86
Clothing,83.63
Toys,291.08
Beauty,208.78
Sports,306.78
Toys,244.35
Home & Kitchen,14.96
Home & Kitchen,203.72
Beauty,114.31
Books,94.93
Toys,30.92
Sports,372.27
Toys,74.98
Electronics,288.6
Toys,188.88
Home & Kitchen,285.18
Books,187.86
Sports,220.25
Beauty,124.56
Beauty,236.7
Clothing,278.01
Beauty,211.61
Sports,61.85
Electronics,43.72
Electronics,361.04
Sports,320.09
Toys,36.21
Toys,311.15
Sports,68.78
Home & Kitchen,414.8
Home & Kitchen,394.11
Sports,65.21
Beauty,354.15
Toys,77.88
Clothing,179.18
Beauty,470.33
Toys,49.98
Home & Kitchen,254.14
Beauty,26.57
Books,112.59
Clothing,320.14
Beauty,428.47
Beauty,370.33
Electronics,328.08
Clothing,233.25
Toys,201.37
Toys,166.91
Electronics,254.03
Home & Kitchen,193.26
Books,85.81
Electronics,326.01
Electronics,147.71
Clothing,390.2
Home & Kitchen,203.03
Books,255
Beauty,189.32
Home & Kitchen,228.38
Toys,445.01
Clothing,229.67
Clothing,378.27
Clothing,18.83
Clothing,345.22
Sports,35.37
Toys,130.78
Electronics,238.75
Sports,36.22
Sports,378.9
Books,295.41
Toys,208.84
Electronics,205.98
Clothing,284.14
Books,74.11
Home & Kitchen,137.56
Home & Kitchen,169.48
Sports,248.7
Beauty,350.3
Home & Kitchen,260.82
Beauty,335.2
Home & Kitchen,367.22
Beauty,340.19
Sports,134.94
Beauty,229.4
Home & Kitchen,331.26
Clothing,421.65
Books,207.1
Home & Kitchen,430.43
Sports,127.28
Clothing,315.8
Home & Kitchen,115.75
Home & Kitchen,148
Toys,216.58
Home & Kitchen,208.98
Home & Kitchen,167.44
Beauty,266.2
Home & Kitchen,84.77
Clothing,332.57
Toys,358.97
Home & Kitchen,180.6
Books,325.19
Home & Kitchen,18.67
Electronics,11.91
Electronics,17.07
Home & Kitchen,9.47
Home & Kitchen,206.97
Home & Kitchen,176.54
Sports,50.52
Books,142.44
Clothing,172.89
Books,294.6
Books,261.75
Sports,219.72
Electronics,369.15
Clothing,80.05
Books,191.81
Sports,308.52
Electronics,237.63
Beauty,179.89
Home & Kitchen,272.89
Sports,302.08
Home & Kitchen,115.54
Books,163.61
Home & Kitchen,85.07
Electronics,202.46
Toys,260.66
Beauty,123.4
Home & Kitchen,39.14
Clothing,176.87
Sports,91.87
Toys,344.13
Sports,323.99
Home & Kitchen,378.22
Sports,236.59
Books,153.8
Beauty,388.57
Sports,75.85
Books,151.87
Sports,311.44
Clothing,46.52
Toys,378.25
Sports,261.21
Toys,349.58
Toys,212.07
Clothing,251.66
Toys,140.4
Home & Kitchen,220.51
Sports,177.59
Sports,395.46
Toys,126.66
Beauty,189.34
Electronics,129.31
Home & Kitchen,266.36
Electronics,217.73
Beauty,71.34
Books,354.11
Books,147.52
Clothing,322.58
Beauty,39.69
Clothing,276.68
Books,354.74
Home & Kitchen,418.1
Books,66.16
Beauty,104.7
Toys,289.32
Sports,195.53
Home & Kitchen,77.51
Toys,410.5
Sports,356.34
Electronics,66.28
Beauty,366.32
Home & Kitchen,300.78
Books,324.09
Toys,58.3
Beauty,28.25
Books,412.25
Home & Kitchen,214.45
Beauty,315.89
Books,105.83
Toys,343.52
Toys,399.84
Sports,220.15
Books,311.41
Books,207.97
Beauty,25.91
Toys,247.7
Electronics,446.14
Beauty,130.1
Home & Kitchen,233.68
Toys,35.51
Sports,187.16
Books,49.46
Home & Kitchen,171.71
Books,187.65
Toys,204.56
Beauty,66.67
Home & Kitchen,105.98
Books,317.82
Electronics,280.16
Electronics,59.92
Electronics,121.84
Clothing,59.74
Electronics,368.63
Sports,28.12
Books,95.65
Books,373.84
Sports,176.3
Home & Kitchen,219.91
Clothing,395.07
Clothing,150.2
Books,222.28
Clothing,96.67
Beauty,46.12
Beauty,27.14
Home & Kitchen,9.39
Beauty,35.24
Beauty,205.3
Sports,377.59
Electronics,135.08
Books,129.08
Books,418.54
Toys,103.11
Electronics,409.6
Home & Kitchen,142.07
Electronics,310.13
Electronics,117.67
Beauty,12.38
Electronics,423.81
Books,237.27
Books,144.13
Books,13.94
Sports,21.56
Sports,292.14
Clothing,186.79
Home & Kitchen,92.56
Sports,398.36
Sports,297.93
Books,459.93
Toys,243.7
Toys,410.96
Books,214.78
Sports,461.84
Clothing,44.29
Sports,361.15
Toys,343.46
Sports,50.65
Electronics,254.31
Home & Kitchen,130.03
Electronics,169.29
Electronics,346.24
Toys,448.53
Beauty,128.28
Beauty,300.7
Toys,36.75
Electronics,30.87
Sports,90.79
Sports,100.26
Clothing,32.89
Electronics,137.25
Clothing,152.38
Toys,70.66
Electronics,250.46
Home & Kitchen,222.83
Books,128.68
Books,286.33
Sports,302.79
Books,347.69
Toys,124.96
Clothing,32.29
Home & Kitchen,250.23
Beauty,342.94
Toys,51.1
Sports,21.39
Clothing,310.25
Clothing,262.79
Sports,173.94
Electronics,236.76
Clothing,204.91
Electronics,343.64
Clothing,34.66
Beauty,15.56
Sports,169.19
Toys,295.48
Books,46.1
Home & Kitchen,81
Toys,467.24
Sports,163.51
Clothing,133.94
Electronics,138.46
Clothing,144.32
Electronics,122.66
Beauty,200.26
Beauty,146.92
Toys,408.73
Home & Kitchen,65.7
Beauty,156.61
Clothing,425.81
Clothing,450.9
Books,316.13
Clothing,350.6
Sports,177.11
Clothing,47.18
Sports,181.69
Sports,116.06
Home & Kitchen,256.86
Books,388.32
Clothing,97.28
Clothing,385.3
Electronics,112
Books,444.98
Beauty,170.23
Electronics,330.38
Electronics,245.58
Books,407.59
Sports,359.28
Toys,315.36
Clothing,320.83
Clothing,266.57
Sports,125.2
Beauty,193.56
Sports,61.98
Books,249.43
Electronics,90.81
Beauty,86.1
Sports,299.77
Books,163.52
Clothing,117.73
Sports,252.62
Toys,121.94
Home & Kitchen,236.96
Beauty,74.66
Sports,79.14
Books,268.14
Sports,244.71
Home & Kitchen,210.4
Books,79.38
Electronics,280.2
Beauty,180.13
Home & Kitchen,330.18
Electronics,214.72
Toys,295.93
Books,176.6
Beauty,228.74
Home & Kitchen,257.52
Beauty,88.28
Clothing,164.39
Home & Kitchen,96.42
Beauty,415.02
Sports,215.91
Sports,73.64
Books,282.89
Toys,32.07
Books,204.57
Toys,105.46
Beauty,428.66
Beauty,267.98
Sports,106.5
Home & Kitchen,450.17
Home & Kitchen,125.99
Beauty,259.12
Beauty,367.11
Clothing,76.69
Electronics,186.63
Books,18.7
Electronics,191.54
Sports,355.47
Beauty,295.32
Clothing,190.6
Home & Kitchen,35.59
Home & Kitchen,362.82
Clothing,303.16
Sports,321.66
Home & Kitchen,408.29
Home & Kitchen,372.65
Home & Kitchen,127.44
Beauty,240.86
Books,59.8
Toys,258.42
Books,177.28
Clothing,315.96
Books,245.53
Home & Kitchen,217.87
Beauty,379.89
Clothing,401
Electronics,315.88
Toys,160.09
Home & Kitchen,190.96
Electronics,145.47
Clothing,122.36
Sports,52.25
Sports,183.9
Books,362.33
Electronics,332.42
Electronics,384.61
Clothing,162.55
Electronics,315.45
Beauty,101.41
Toys,120.88
Toys,19.29
Toys,189.3
Sports,250.72
Books,285.21
Electronics,393.25
Toys,146.19
Sports,63.8
Sports,393.12
Sports,116.03
Toys,215.4
Books,208.71
Toys,287.77
Clothing,76.31
Toys,70.62
Electronics,356.84
Clothing,389.67
Electronics,340.9
Electronics,471.92
Electronics,93.49
Books,317.56
Home & Kitchen,47.54
Clothing,11.52
Beauty,115.13
Sports,190.26
Books,293.43
Home & Kitchen,179.19
Books,95.05
Beauty,239.25
Toys,337.95
Toys,194.27
Electronics,346.42
Books,33.15
Home & Kitchen,92.09
Home & Kitchen,47.33
Toys,386.19
Toys,280.17
Clothing,195.08
Books,424.13
Toys,70.01
Clothing,101.53
Toys,245.57
Books,38.72
Toys,312.22
Books,108.97
Toys,84.73
Toys,177.54
Toys,285.42
Sports,216.94
Books,280.44
Books,188.78
Beauty,324.98
Beauty,183.27
Books,317.6
Clothing,343.38
Beauty,16.52
Toys,211.31
Toys,211.91
Beauty,71.26
Books,332.89
Clothing,228.77
Beauty,305.3
Toys,265.75
Toys,352.22
Toys,358.89
Home & Kitchen,393.59
Clothing,7.33
Clothing,336.74
Beauty,281.07
Books,348.78
Electronics,48.47
Home & Kitchen,310.59
Sports,120.25
Electronics,159.65
Home & Kitchen,331.21
Electronics,182.93
Home & Kitchen,315.86
Clothing,171.06
Home & Kitchen,454.69
Sports,274.24
Beauty,97.3
Electronics,72.78
Toys,149.93
Books,157.81
Books,106.65
Sports,221.24
Clothing,210.88
Sports,274.08
Beauty,285.38
Electronics,435.45
Books,191.44
Sports,107.19
Electronics,152.66
Electronics,71.16
Books,387.91
Home & Kitchen,388.66
Books,200.74
Electronics,239.66
Clothing,112.77
Toys,106.73
Books,153.45
Electronics,258.92
Toys,216.75
Electronics,34.01
Books,50.12
Beauty,453.66
Toys,361.39
Beauty,376.05
Electronics,112.28
Clothing,370.57
Electronics,338.51
Toys,262.8
Home & Kitchen,257.67
Toys,205.03
Toys,41.06
Beauty,25.89
Clothing,104.22
Beauty,56.86
Beauty,153.38
Home & Kitchen,68.53
Electronics,149.57
Sports,471.95
Books,479.63
Sports,188.69
Beauty,52.18
Home & Kitchen,188.47
Books,49.78
Toys,116.7
Electronics,199.2
Home & Kitchen,194.9
Sports,315.94
Beauty,140.8
Clothing,319.64
Clothing,164.14
Electronics,67.39
Sports,257.48
Home & Kitchen,285.23
Clothing,207.16
Home & Kitchen,236.53
Clothing,120.1
Electronics,339.17
Home & Kitchen,108.87
Beauty,241.97
Electronics,287.01
Home & Kitchen,33.4
Home & Kitchen,114.6
Sports,243.77
Toys,42.17
Electronics,75.32
Electronics,206.28
Toys,41.74
Clothing,338.15
Toys,88.42
Electronics,276.53
Books,83.16
Beauty,30
Books,76.98
Clothing,209.52
Books,207.43
Electronics,82.84
Electronics,14.89
Beauty,337.1
Books,54.8
Books,327.77
Beauty,225.98
Clothing,151.52
Toys,323.25
Clothing,58.89
Home & Kitchen,69.31
Home & Kitchen,329.82
Electronics,11.26
Beauty,12.09
Sports,263.05
Books,129.36
Toys,14
Sports,138.45
Books,131.83
Beauty,174.56
Beauty,223.5
Clothing,97.14
Clothing,100.74
Books,58.76
Sports,19.08
Home & Kitchen,178.02
Electronics,248.17
Electronics,381.05
Books,335.49
Clothing,29.12
Toys,115.06
Beauty,94.39
Sports,316.79
Books,347.12
Toys,11.09
Sports,338.09
Beauty,393.29
Clothing,293.23
Sports,108.64
Beauty,107.72
Clothing,22.59
Electronics,182.69
Sports,78.44
Books,214.69
Home & Kitchen,168.01
Beauty,133.85
Toys,395.44
Home & Kitchen,103.58
Sports,140.42
Home & Kitchen,131.78
Home & Kitchen,20.08
Clothing,90.63
Books,292.37
Sports,347.3
Books,73.29
Electronics,308.09
Clothing,306.94
Clothing,241.98
Electronics,22.91
Toys,261.58
Sports,107.6
Books,121.58
Home & Kitchen,359.1
Books,218.75
Home & Kitchen,134.94
Books,90.96
Electronics,358.56
Toys,447.35
Home & Kitchen,457.75
Toys,95.79
Electronics,233.29
Toys,35.94
Beauty,197.76
Sports,216.23
Home & Kitchen,169.15
Sports,154.69
Home & Kitchen,207.65
Clothing,207.54
Toys,350.86
Electronics,212.41
Sports,341.46
Clothing,40.71
Toys,290.08
Clothing,112.91
Beauty,24.09
Beauty,110.91
Electronics,205.67
Beauty,229.27
Clothing,405.54
Beauty,106.98
Sports,244.73
Books,98.79
Beauty,42.93
Books,290.77
Sports,45.28
Home & Kitchen,46.75
Toys,235.22
Home & Kitchen,373.99
Sports,218.62
Books,53.58
Toys,60.76
Home & Kitchen,246.62
Books,58.62
Books,369.33
Clothing,315.7
Books,124.03
Beauty,17.8
Toys,434.36
Toys,233.57
Electronics,102.72
Clothing,330.45
Electronics,254.59
Beauty,60.43
Sports,417.36
Electronics,265.07
Sports,300
Sports,45.47
Clothing,192.83
Home & Kitchen,65.54
Clothing,355.87
Electronics,357.75
Electronics,157.17
Clothing,186.01
Books,245.29
Beauty,190.22
Sports,254.46
Electronics,152.16
Beauty,362.88
Electronics,222.06
Home & Kitchen,162.81
Electronics,421.74
Books,99.9
Home & Kitchen,76.09
Toys,184.89
Home & Kitchen,44.96
Home & Kitchen,146.6
Electronics,119.9
Beauty,452.74
Sports,226.69
Sports,301.69
Home & Kitchen,63.27
Clothing,390.11
Beauty,233.66
Toys,122.55
Beauty,276.04
Beauty,232.69
Home & Kitchen,98.93
Sports,421.38
Books,117.54
Toys,457.16
Home & Kitchen,25.91
Books,154.89
Clothing,31.98
Beauty,186.67
Sports,115.26
Clothing,295.17
Clothing,21.99
Home & Kitchen,265.32
Electronics,61.96
Sports,203.84
Beauty,111.14
Sports,161.82
Books,188.6
Home & Kitchen,38.09
Home & Kitchen,303.26
Electronics,24.02
Toys,272.14
Home & Kitchen,9.85
Clothing,234
Beauty,136.11
Sports,167.26
Clothing,297.68
Sports,259.1
Books,343.56
Clothing,295.6
Books,145.2
Sports,318.56
Clothing,136.4
Clothing,206.46
Clothing,293.87
Electronics,148.84
Electronics,119.08
Electronics,179.73
Books,349.77
Beauty,276.47
Home & Kitchen,299.53
Electronics,204.23
Toys,252.68
Books,151.36
Electronics,251.48
Books,202.44
Sports,241.2
Beauty,346
Toys,238.3
Toys,291.11
Clothing,346.75
Toys,422.7
Books,128.14
Sports,219.84
Electronics,28.6
Books,66
Clothing,264.43
Sports,106.84
Toys,435.67
Books,458.34
Electronics,191.24
Toys,155.07
Sports,427.95
Beauty,249.76
Sports,275.45
Beauty,67.44
Electronics,380.62
Electronics,138.47
Home & Kitchen,306.21
Electronics,139.14
Home & Kitchen,350.63
Electronics,191.53
Sports,335.93
Home & Kitchen,84.17
Sports,195.46
Sports,18.04
Books,62.16
Clothing,210.56
Toys,262.24
Electronics,103.42
Beauty,161.14
Home & Kitchen,110.06
Beauty,380.47
Sports,329.98
Books,251.16
Home & Kitchen,261.41
Clothing,80.79
Sports,82.01
Sports,222.18
Sports,154.99
Books,155.06
Electronics,391.22
Clothing,466.18
Toys,223.25
Beauty,246.39
Clothing,183.22
Beauty,214.72
Electronics,119.95
Books,30.93
Electronics,94.83
Sports,219.25
Clothing,124.93
Sports,125.16
Sports,280.98
Clothing,358.21
Toys,321.01
Toys,46.94
Toys,66.93
Sports,124.78
Electronics,15.78
Electronics,22.83
Home & Kitchen,141.64
Electronics,223.74
Clothing,253.97
Clothing,457.07
Electronics,442.46
Electronics,127.91
Electronics,32.89
Clothing,226.69
Electronics,102.58
Sports,27.19
Books,233.86
Toys,296.87
Toys,437.06
Home & Kitchen,193.8
Books,165.95
Home & Kitchen,347.7
Home & Kitchen,269.27
Books,327
Electronics,223.51
Clothing,360.76
Electronics,232.35
Beauty,13.69
Books,339.32
Toys,347.06
Electronics,176.01
Clothing,232.44
Clothing,361.62
Clothing,179.32
Toys,54.03
Books,30.14
Electronics,238.61
Sports,198.29
Clothing,253.98
Books,238.32
Sports,368.96
Sports,286.73
Books,247.07
Sports,319.16
Beauty,221.53
Books,369.25
Electronics,134.87
Clothing,458.6
Books,140.65
Clothing,18.84
Home & Kitchen,93.41
Electronics,98.61
Electronics,413.65
Electronics,25.75
Toys,303.08
Beauty,74.93
Beauty,308.54
Sports,148.78
Books,448.08
Clothing,48.08
Books,260.85
Sports,257.57
Toys,186.52
Books,128.13
Sports,145.82
Toys,280.45
Home & Kitchen,25.32
Sports,28.43
Home & Kitchen,51.23
Electronics,105.63
Clothing,391.14
Toys,211.4
Electronics,30.49
Books,371.24
Electronics,126.13
Beauty,296.8
Sports,235.23
Toys,90.31
Beauty,66.48
Beauty,420.85
Sports,195.58
Toys,65.75
Clothing,87.29
Books,157.58
Sports,99.85
Home & Kitchen,150.66
Clothing,32.61
Electronics,13.81
Sports,226.56
Home & Kitchen,450.91
Toys,421.85
Electronics,198.65
Beauty,142.13
Toys,73.11
Beauty,107.53
Toys,138.97
Toys,122.67
Toys,10.32
Books,233.67
Books,87.75
Electronics,93.42
Clothing,331.74
Electronics,147.18
Clothing,414.61
Home & Kitchen,326.66
Beauty,90.53
Books,259.1
Books,143.77
Clothing,333.11
Home & Kitchen,83.05
Home & Kitchen,153.01
Toys,58.2
Clothing,149.01
Toys,8.35
Toys,95.58
Sports,174.41
Home & Kitchen,199.43
Electronics,25.38
Electronics,159.29
Clothing,15.34
Books,257.25
Clothing,264.92
Electronics,264.04
Books,294.74
Home & Kitchen,322.34
Electronics,198.95
Home & Kitchen,350.6
Beauty,394.96
Beauty,449.69
Beauty,27.01
Toys,108.82
Toys,122.45
Toys,178.95
Beauty,417.94
Home & Kitchen,189.53
Beauty,248.76
Sports,331.16
Electronics,326.25
Home & Kitchen,288.12
Books,144.77
Books,161.64
Sports,21.78
Beauty,295.24
Toys,215.82
Home & Kitchen,326.1
Home & Kitchen,137.71
Sports,141.81
Electronics,395.18
Toys,229.44
Clothing,107.48
Electronics,26.18
Beauty,66.78
Clothing,28.27
Books,150.73
Electronics,412.27
Home & Kitchen,227.4
Beauty,280.19
Books,387.06
Clothing,134.1
Beauty,233.43
Electronics,105.58
Clothing,369.33
Sports,57.06
Sports,177.24
Toys,188.6
Sports,124.78
Home & Kitchen,229.32
Home & Kitchen,39.56
Beauty,335.46
Sports,412.56
Electronics,305.1
Electronics,39.57
Sports,14.12
Sports,367.12
Electronics,121
Toys,199.42
Books,221.91
Electronics,93.6
Electronics,300.06
Clothing,32.64
Toys,193.8
Clothing,329.77
Home & Kitchen,360.6
Home & Kitchen,73.62
Clothing,324.74
Electronics,248.26
Books,331.38
Home & Kitchen,457.77
Books,343.96
Clothing,112.71
Toys,477.48
Books,225.88
Home & Kitchen,299.66
Electronics,182.46
Books,126.22
Books,11.28
Home & Kitchen,379.24
Home & Kitchen,183.11
Sports,338.89
Beauty,65.92
Clothing,273.86
Home & Kitchen,55.71
Books,387.11
Electronics,79.59
Toys,231.42
Books,86.23
Beauty,117.12
Books,309.34
Electronics,256.51
Sports,313.63
Home & Kitchen,496.82
Electronics,154.82
Sports,264.49
Toys,165.92
Toys,240.64
Beauty,42.68
Clothing,97.77
Sports,20.01
Sports,410.2
Clothing,171.85
Books,387.35
Books,247.11
Home & Kitchen,144.94
Books,210.85
Sports,378.97
Home & Kitchen,247.83
Sports,187.41
Books,228.76
Electronics,231.76
Sports,249.98
Electronics,188.09
Toys,170.1
Sports,376.98
Books,92.55
Home & Kitchen,176.92
Beauty,129.53
Toys,383.07
Books,201.65
Beauty,458.94
Home & Kitchen,186.09
Toys,75.22
Toys,169.77
Home & Kitchen,124.48
Beauty,52.38
Sports,493.04
Clothing,79.29
Toys,390.57
Home & Kitchen,209.13
Electronics,172.66
Clothing,186.56
Toys,213.35
Books,124.42
Electronics,24.44
Sports,420.22
Beauty,131.4
Toys,181.78
Clothing,128.49
Toys,350.73
Home & Kitchen,169.49
Beauty,394.25
Toys,184.84
Electronics,402.37
Toys,130.6
Clothing,340.87
Electronics,263.25
Books,180.9
Electronics,358.13
Toys,104.55
Toys,312.27
Beauty,39.99
Home & Kitchen,211.97
Clothing,433.59
Toys,300.02
Books,368.74
Home & Kitchen,99.42
Books,268.07
Books,205.21
Electronics,196.91
Electronics,279.13
Clothing,387.12
Toys,281.85
Sports,116.64
Sports,344.44
Books,72.55
Sports,210.16
Sports,42.08
Sports,297.36
Books,304.56
Toys,307.37
Electronics,427.96
Books,280.76
Electronics,129.07
Clothing,276.74
Toys,293.62
Books,331.47
Home & Kitchen,15.37
Books,158.85
Electronics,104.49
Toys,108.48
Electronics,31.59
Electronics,181.56
Clothing,350.58
Clothing,111.06
Beauty,378.63
Home & Kitchen,336.82
Beauty,206.19
Home & Kitchen,18.57
Home & Kitchen,211.62
Electronics,76.12
Toys,222.36
Home & Kitchen,71.94
Beauty,335.09
Toys,193
Sports,92.93
Beauty,144.58
Sports,11.02
Electronics,446.66
Beauty,107.39
Electronics,430.96
Toys,47.98
Toys,274.68
Toys,37.34
Toys,242.15
Sports,124.02
Electronics,300.96
Toys,75.3
Toys,245.72
Electronics,349.16
Sports,169.01
Toys,42.95
Toys,161.6
Toys,296.06
Sports,301.91
Clothing,193.02
Home & Kitchen,165.26
Electronics,214.85
Electronics,117.54
Electronics,395.63
Clothing,94.19
Electronics,132.84
Books,95.18
Clothing,96.33
Home & Kitchen,232.22
Sports,73.8
Clothing,58.23
Beauty,325.7
Books,155.99
Beauty,268.69
Home & Kitchen,99.47
Beauty,255.51
Books,265.86
Clothing,349.94
Home & Kitchen,136.25
Sports,58.58
Electronics,259.54
Sports,362.77
Home & Kitchen,281.8
Sports,122.9
Electronics,183.58
Sports,123.51
Clothing,154.81
Toys,256.42
Sports,431.38
Sports,345.75
Beauty,67.68
Clothing,416.1
Sports,272.29
Toys,79.89
Clothing,432.25
Beauty,89.81
Electronics,257.51
Toys,310.87
Books,125.72
Sports,349.54
Toys,152.03
Toys,31.61
Sports,125.24
Electronics,274.34
Toys,86.29
Sports,343.23
Home & Kitchen,247.88
Books,160.96
Home & Kitchen,204.48
Sports,222.25
Beauty,91.06
Beauty,330.17
Sports,176.46
Home & Kitchen,294.4
Beauty,310.72
Sports,459.22
Books,323
Home & Kitchen,144.87
Electronics,248.14
Electronics,194.02
Sports,135.75
Home & Kitchen,167.35
Home & Kitchen,219.96
Sports,480.49
Sports,372.76
Clothing,156.64
Home & Kitchen,100.78
Toys,31.79
Home & Kitchen,345.47
Toys,95.15
Beauty,11.38
Sports,261.71
Toys,150.05
Toys,312.94
Toys,136.24
Beauty,131.82
Clothing,359.05
Books,200.28
Toys,154.19
Electronics,272.15
Books,350.59
Clothing,254.32
Clothing,297.32
Toys,164.61
Books,94.16
Sports,30.66
Electronics,254.41
Electronics,284.83
Sports,304.2
Toys,278.65
Toys,250.53
Sports,22.98
Books,465.64
Beauty,312.66
Beauty,85.48
Home & Kitchen,230.09
Home & Kitchen,278.28
Clothing,406.21
Home & Kitchen,282.17
Beauty,323.53
Beauty,94.91
Sports,21.32
Books,185.82
Toys,182.57
Toys,20.34
Beauty,18.99
Clothing,259.13
Books,69.37
Clothing,40.74
Toys,320.7
Clothing,227.39
Electronics,200.04
Home & Kitchen,160.34
Clothing,405.93
Clothing,376.92
Toys,49.1
Home & Kitchen,170.48
Books,366.15
Sports,56.97
Clothing,245.88
Toys,365.26
Books,22.07
Beauty,31.07
Clothing,167.28
Books,230.98
Sports,74.23
Home & Kitchen,370.37
Home & Kitchen,408.97
Toys,9.68
Sports,474.41
Toys,206.99
Sports,315.86
Books,175.86
Sports,190.22
Books,136.05
Toys,178.12
Sports,348.18
Clothing,152.52
Books,313.78
Clothing,413.3
Home & Kitchen,388.9
Clothing,288.88
Sports,94.02
Sports,174.58
Books,29.27
Sports,157.7
Clothing,394.02
Electronics,207.79
Sports,127.22
Home & Kitchen,40.27
Sports,332.94
Sports,340.71
Books,23.66
Home & Kitchen,169.92
Sports,151.94
Toys,185.17
Sports,417.51
Books,203.79
Beauty,184.11
Beauty,144.94
Electronics,141.69
Electronics,405.05
Beauty,420.41
Books,388.45
Clothing,311.9
Electronics,112.08
Toys,85.54
Clothing,75.16
Toys,86.42
Clothing,190.87
Sports,22.06
Toys,336.87
Beauty,21.73
Electronics,148.42
Clothing,459.44
Sports,21.2
Books,458.39
Toys,359.32
Toys,270.52
Books,18.17
Toys,246.48
Home & Kitchen,113.22
Sports,155.33
Sports,295.46
Toys,48.63
Home & Kitchen,176.4
Clothing,159.75
Electronics,143.83
Clothing,215.38
Home & Kitchen,106.21
Books,198.63
Clothing,394.82
Home & Kitchen,290.64
Home & Kitchen,332.06
Beauty,201.49
Beauty,196.69
Sports,278.6
Beauty,353.56
Sports,46.48
Beauty,338
Home & Kitchen,137.31
Home & Kitchen,414.85
Electronics,167.34
Clothing,313.61
Clothing,403.11
Sports,42.52
Sports,215.56
Clothing,353.93
Toys,54.61
Home & Kitchen,90.79
Beauty,296.95
Beauty,34.35
Toys,241.28
Home & Kitchen,217.77
Books,319.05
Sports,317.46
Clothing,51.1
Beauty,321.57
Home & Kitchen,140.26
Beauty,48.84
Beauty,141.4
Beauty,71.89
Clothing,234.64
Clothing,222.31
Beauty,196.81
Sports,28.23
Beauty,64.16
Toys,100.22
Electronics,99.17
Sports,195.85
Books,204.7
Electronics,123.32
Books,19.42
Home & Kitchen,401.86
Electronics,352.47
Books,161.93
Clothing,77.07
Toys,8.65
Beauty,376.52
Electronics,194.18
Sports,146.61
Beauty,440.91
Beauty,185.91
Toys,40.04
Sports,365.37
Books,220.55
Sports,459.17
Toys,240.53
Toys,209.7
Home & Kitchen,196.42
Clothing,252.28
Sports,33.84
Home & Kitchen,291.55
Books,39.86
Beauty,322.92
Toys,425.85
Home & Kitchen,66.75
Clothing,365.77
Sports,466.36
Electronics,205.8
Books,29.3
Sports,104.52
Beauty,299.86
Books,210.61
Toys,225.48
Electronics,115.48
Electronics,191.59
Books,172.45
Sports,84.95
Beauty,244.07
Electronics,80.71
Toys,393.59
Books,289.34
Electronics,22.95
Sports,39.78
Home & Kitchen,118.93
Toys,239.13
Beauty,8.58
Toys,303.28
Electronics,265.98
Home & Kitchen,342.42
Home & Kitchen,52.83
Beauty,154.28
Toys,448.07
Books,148.07
Home & Kitchen,147.1
Home & Kitchen,295.8
Books,362.26
Sports,160.28
Sports,231.59
Toys,26.55
Toys,163.4
Clothing,117.23
Home & Kitchen,156.3
Home & Kitchen,340.63
Beauty,210.04
Beauty,377.15
Clothing,138.81
Electronics,428.28
Beauty,161.1
Clothing,89.29
Sports,166.53
Beauty,17.46
Clothing,32.32
Toys,85.04
Beauty,248.45
Beauty,36.46
Toys,293.86
Electronics,27.27
Clothing,398.11
Beauty,340.11
Home & Kitchen,92.09
Books,105.07
Toys,249.99
Clothing,300.25
Books,285.17
Toys,469.34
Clothing,324.24
Clothing,427.97
Toys,239.54
Sports,70.82
Books,399.44
Books,108.39
Toys,7.49
Electronics,155.77
Electronics,422.63
Electronics,111.78
Clothing,315.67
Clothing,32.59
Home & Kitchen,161.41
Clothing,398.86
Home & Kitchen,176.77
Home & Kitchen,25.09
Electronics,472.29
Books,159.77
Clothing,272.06
Toys,172.27
Sports,37.89
Clothing,414.44
Beauty,435.68
Beauty,172.23
Toys,318.95
Home & Kitchen,322.41
Beauty,305.6
Sports,251.24
Sports,224.7
Beauty,199.91
Home & Kitchen,369.83
Home & Kitchen,257.56
Electronics,22.41
Beauty,135.74
Toys,166.97
Electronics,150.94
Clothing,63.46
Beauty,82.45
Beauty,120.64
Books,41.21
Beauty,45.87
Sports,288.44
Clothing,173.58
Toys,237.05
Sports,244.9
Clothing,103.79
Clothing,43.73
Electronics,268.79
Clothing,280.82
Electronics,124.58
Beauty,63.82
Clothing,48.36
Beauty,13.98
Sports,62.07
Beauty,123.42
Toys,169.63
Books,298.89
Toys,22.31
Electronics,70.83
Beauty,62.04
Books,349.91
Books,272.74
Electronics,166.22
Beauty,49.38
Clothing,335.82
Books,195.12
Beauty,352.62
Clothing,247.75
Books,198.21
Toys,162.67
Toys,290.75
Beauty,161.34
Sports,59.18
Home & Kitchen,239.78
Home & Kitchen,19.45
Beauty,77.25
Electronics,236.84
Electronics,180.12
Toys,442.51
Toys,236.3
Beauty,240.31
Electronics,240.92
Home & Kitchen,259.29
Beauty,196.54
Beauty,115.37
Clothing,109.94
Books,32.27
Beauty,198.33
Home & Kitchen,240.64
Home & Kitchen,219.9
Sports,78.14
Electronics,12.81
Toys,35.76
Books,11.08
Toys,106
Sports,97.31
Clothing,376.76
Clothing,186.61
Toys,121.26
Electronics,198.18
Books,91.98
Toys,53.1
Clothing,294.13
Home & Kitchen,314.32
Clothing,98.1
Clothing,93.36
Home & Kitchen,255.03
Toys,420.45
Home & Kitchen,109.24
Home & Kitchen,119.98
Home & Kitchen,99.89
Clothing,126.88
Toys,86.86
Clothing,448.45
Home & Kitchen,228.56
Books,5.89
Clothing,369.37
Clothing,214.26
Books,267.03
Electronics,331.66
Clothing,44.75
Toys,35.9
Sports,309.46
Beauty,219.61
Books,218.11
Home & Kitchen,214.08
Beauty,473.42
Toys,144.96
Books,211.94
Home & Kitchen,202.88
Beauty,340.74
Books,52.72
Sports,214.57
Beauty,12.22
Toys,369.97
Home & Kitchen,249.51
Toys,44.59
Electronics,39.08
Books,184.5
Sports,17.84
Toys,289.85
Beauty,49.52
Toys,23.91
Electronics,315.17
Home & Kitchen,273.8
Home & Kitchen,208.82
Clothing,150.43
Toys,72.51
Clothing,231.43
Toys,266.1
Electronics,340.7
Toys,316.26
Home & Kitchen,273.95
Beauty,278.49
Electronics,97.39
Home & Kitchen,18.66
Beauty,286.63
Home & Kitchen,121.78
Beauty,143.31
Home & Kitchen,305.29
Electronics,213.77
Toys,248.35
Home & Kitchen,457.3
Beauty,331.79
Home & Kitchen,318.52
Books,98.06
Sports,82.19
Sports,169.54
Home & Kitchen,51.61
Home & Kitchen,139.62
Electronics,141.48
Sports,80.67
Sports,356.47
Home & Kitchen,265.73
Electronics,411.94
Home & Kitchen,296.07
Beauty,108.85
Home & Kitchen,321.55
Electronics,400.57
Home & Kitchen,213.22
Clothing,403.2
Toys,340.82
Clothing,13.88
Beauty,289.46
Books,204.22
Clothing,223.73
Sports,107.22
Books,31.32
Clothing,330.43
Electronics,162.18
Electronics,342.24
Sports,172.15
Clothing,92.53
Beauty,316.62
Electronics,277.72
Beauty,137.33
Home & Kitchen,319.83
Beauty,58.11
Clothing,66.25
Sports,345.66
Beauty,127.54
Beauty,91.32
Clothing,115.34
Beauty,315.76
Electronics,428.77
Electronics,82.97
Clothing,219.81
Clothing,146.75
Toys,52.04
Beauty,345.49
Toys,46.2
Sports,347.02
Sports,184.43
Clothing,181.76
Toys,133.63
Beauty,109.88
Clothing,325.67
Beauty,357.62
Sports,81.79
Sports,338.83
Beauty,101.25
Beauty,261.7
Clothing,247.81
Home & Kitchen,283.15
Beauty,346.31
Sports,43.64
Home & Kitchen,229.81
Home & Kitchen,279.37
Sports,188.57
Sports,340.41
Beauty,44.09
Sports,108.95
Clothing,241.17
Sports,203.69
Books,374.05
Beauty,101.83
Home & Kitchen,307.51
Beauty,150.29
Toys,273.85
Sports,251.82
Sports,248.99
Clothing,152.86
Electronics,297.87
Sports,92.95
Sports,347.05
Books,10.05
Toys,119.8
Beauty,374.35
Books,49.05
Toys,45.98
Books,336.45
Home & Kitchen,471.15
Home & Kitchen,47.29
Beauty,232.29
Clothing,437.15
Clothing,129.36
Beauty,240.51
Beauty,66.82
Home & Kitchen,54.06
Home & Kitchen,418.85
Sports,307.43
Sports,425.83
Electronics,351.43
Electronics,394.92
Toys,157.86
Sports,463.79
Beauty,191
Books,26.05
Clothing,383.02
Clothing,374.97
Toys,146.38
Toys,64.54
Sports,181.2
Beauty,334.08
Books,295.74
Toys,323.74
Sports,212.6
Home & Kitchen,388.6
Electronics,172.64
Books,85.65
Toys,325.78
Clothing,384.55
Books,218.3
Sports,420.81
Home & Kitchen,22.9
Home & Kitchen,90.24
Sports,117.91
Beauty,291.84
Beauty,450.24
Books,279.93
Electronics,327.61
Home & Kitchen,326.69
Books,211.84
Beauty,16.99
Books,386.98
Sports,221.22
Beauty,55.84
Home & Kitchen,312.24
Books,110.64
Clothing,443.99
Books,83.04
Books,155.9
Clothing,268.29
Clothing,104.62
Home & Kitchen,351.19
Books,35.55
Beauty,418.11
Electronics,54.37
Electronics,254.76
Clothing,53.3
Toys,175.79
Toys,429.74
Beauty,256.32
Electronics,260.11
Toys,219.69
Beauty,321.92
Clothing,198.64
Toys,11.54
Home & Kitchen,296.57
Books,158.64
Beauty,97.82
Toys,221.04
Sports,231.42
Books,305.27
Toys,36.59
Beauty,12.45
Clothing,83.17
Home & Kitchen,350.37
Sports,98.36
Beauty,351.28
Beauty,339.8
Home & Kitchen,312.49
Home & Kitchen,242.61
Books,126.51
Beauty,247.73
Toys,231.09
Home & Kitchen,334.09
Beauty,275.43
Books,295.14
Sports,70.52
Home & Kitchen,464.61
Clothing,24.39
Sports,264.9
Clothing,171.82
Home & Kitchen,27.84
Beauty,168.01
Electronics,136.35
Sports,66.04
Books,161.32
Clothing,230.09
Clothing,14.37
Clothing,123.37
Toys,313.14
Electronics,33.13
Electronics,446.11
Sports,69.41
Books,76.17
Books,332.47
Beauty,251.09
Books,70.54
Toys,105.66
Electronics,410.94
Beauty,284.71
Books,247.53
Clothing,46.3
Clothing,354.35
Clothing,360.98
Books,94.5
Home & Kitchen,21.54
Toys,13.4
Sports,233.79
Electronics,267.18
Home & Kitchen,106.33
Books,338.11
Electronics,34.87
Home & Kitchen,175.87
Beauty,133.03
Home & Kitchen,90.33
Home & Kitchen,116.95
Toys,19.31
Sports,237.09
Clothing,100.54
Beauty,108.14
Sports,286.23
Home & Kitchen,284.64
Books,55.35
Beauty,210.86
Books,150.73
Sports,210.49
Books,324.33
Sports,208.39
Clothing,131.18
Beauty,323.48
Home & Kitchen,397.31
Electronics,45.73
Toys,273.54
Toys,182.16
Books,392.8
Beauty,89.63
Beauty,471.43
Electronics,388.31
Home & Kitchen,230.47
Sports,358.38
Sports,216.26
Books,150.18
Clothing,232.34
Clothing,375.81
Electronics,39.31
Clothing,86.91
Electronics,144.04
Books,346.45
Electronics,61.27
Home & Kitchen,133
Toys,391.96
Books,201.81
Beauty,166.4
Toys,408.99
Beauty,136.6
Books,231.58
Clothing,107.81
Books,298.47
Beauty,83.41
Sports,312.43
Sports,294.79
Books,147.26
Beauty,335.03
Beauty,127.78
Clothing,58.3
Books,72.96
Books,118.81
Home & Kitchen,296.79
Sports,287.98
Sports,207.06
Clothing,162.21
Beauty,294.81
Beauty,80
Beauty,122.1
Home & Kitchen,187.5
Beauty,456.78
Home & Kitchen,150.27
Books,283.99
Sports,93.08
Clothing,163.22
Sports,183.62
Books,65.08
Clothing,235.46
Home & Kitchen,293.99
Sports,30.83
Toys,220.9
Toys,268.14
Home & Kitchen,54.03
Home & Kitchen,62.15
Clothing,37.48
Home & Kitchen,127.35
Electronics,98.25
Clothing,110.58
Beauty,67.93
Clothing,113.97
Home & Kitchen,182.35
Clothing,167.32
Clothing,15.45
Beauty,67.02
Sports,345.93
Home & Kitchen,70.5
Toys,53.2
Home & Kitchen,31.09
Books,297.48
Sports,416.88
Sports,9.55
Sports,183.81
Home & Kitchen,18.14
Electronics,146.19
Electronics,336.27
Home & Kitchen,445.83
Sports,11.06
Books,23.11
Beauty,137.04
Sports,300.3
Sports,153.13
Sports,114.35
Home & Kitchen,213.35
Books,53.68
Beauty,264.92
Toys,401
Beauty,292.74
Clothing,184.09
Clothing,313.85
Toys,96.54
Clothing,374.37
Beauty,393.95
Beauty,124.21
Books,102.55
Sports,224.83
Home & Kitchen,54.3
Electronics,230.04
Books,466.62
Toys,231.84
Beauty,87.17
Beauty,162.82
Clothing,153.41
Clothing,492.41
Clothing,95.53
Books,191.11
Toys,123.68
Toys,106.14
Toys,222.63
Home & Kitchen,190.58
Beauty,245.73
Electronics,216.74
Clothing,95.38
Sports,83.14
Home & Kitchen,234.84
Books,89.73
Toys,108.45
Books,317.18
Sports,162.54
Toys,141.15
Beauty,449.8
Sports,200.51
Books,169.96
Books,107.85
Sports,224.58
Clothing,135.05
Beauty,20.94
Books,39.42
Books,438.59
Home & Kitchen,154.7
Electronics,217.62
Clothing,462.61
Clothing,139.26
Books,130.34
Home & Kitchen,120.89
Books,46.11
Home & Kitchen,424.58
Home & Kitchen,210.79
Home & Kitchen,24.42
Toys,71.75
Beauty,20.23
Electronics,230.81
Books,234.39
Books,107.26
Books,196.59
Electronics,82.94
Electronics,342.24
Books,428.84
Toys,197.01
Books,83
Clothing,334.13
Sports,327.24
Clothing,120.29
Home & Kitchen,250.92
Beauty,54.95
Beauty,358.24
Home & Kitchen,102.47
Books,196.72
Clothing,340.56
Electronics,115.99
Clothing,407.36
Toys,394.67
Electronics,249.98
Sports,14.29
Home & Kitchen,12.81
Sports,336.97
Beauty,214.24
Toys,281.25
Beauty,186.79
Electronics,111.29
Toys,200.62
Books,421.94
Sports,135.6
Home & Kitchen,49.1
Clothing,77.91
Books,266.3
Toys,430.76
Home & Kitchen,131.62
Toys,68.07
Electronics,242.41
Sports,124.01
Toys,51.09
Clothing,151.48
Clothing,421.59
Home & Kitchen,115.35
Beauty,359.49
Clothing,248.03
Beauty,217.35
Books,96.58
Toys,352.6
Sports,338.75
Toys,373.94
Electronics,328.63
Home & Kitchen,50.36
Sports,283.97
Books,144.67
Toys,172.15
Sports,204.87
Sports,180.62
Sports,318.33
Toys,373.65
Clothing,253.04
Home & Kitchen,296.22
Toys,36.39
Home & Kitchen,209.78
Clothing,121.92
Clothing,41.68
Toys,432.76
Home & Kitchen,341.64
Beauty,91.27
Electronics,18.15
Toys,16.57
Home & Kitchen,353.49
Electronics,237.97
Clothing,306.48
Home & Kitchen,491.7
Clothing,260.12
Books,341.83
Electronics,38.72
Sports,234.9
Toys,191.7
Clothing,138.95
Electronics,276.43
Beauty,20.62
Electronics,205.14
Books,44.89
Electronics,30.02
Electronics,78.6
Books,54.59
Books,101.69
Clothing,322.12
Beauty,73.6
Home & Kitchen,9.31
Electronics,237.48
Sports,65.67
Toys,409.44
Electronics,382.07
Clothing,159.9
Clothing,289.22
Clothing,84.9
Beauty,343.01
Home & Kitchen,301.37
Electronics,51.34
Home & Kitchen,228.7
Beauty,142.27
Toys,221.76
Home & Kitchen,73.67
Home & Kitchen,119.42
Clothing,247
Sports,158.67
Books,118.16
Electronics,149.1
Electronics,199.44
Clothing,7.69
Books,353.97
Home & Kitchen,171.79
Beauty,235.09
Books,175
Sports,15.61
Books,263.82
Home & Kitchen,213.59
Electronics,110.89
Beauty,281.71
Sports,40.35
Books,435.96
Electronics,147.36
Sports,175.64
Clothing,328.06
Books,159.01
Electronics,276.67
Sports,241.56
Home & Kitchen,199.77
Books,226.65
Books,216.87
Electronics,215.15
Electronics,117.91
Books,355.36
Toys,137.79
Toys,357.63
Sports,153.31
Sports,381.38
Toys,210.42
Beauty,279.68
Electronics,163.19
Toys,101.9
Beauty,189.62
Home & Kitchen,44.29
Books,294.66
Clothing,148.8
Toys,112.43
Sports,363.11
Home & Kitchen,431.29
Sports,243.51
Electronics,18.7
Home & Kitchen,205.03
Clothing,226.55
Electronics,115.89
Electronics,221.03
Home & Kitchen,35.89
Sports,25.66
Home & Kitchen,200.05
Books,370.13
Clothing,63.67
Clothing,435.06
Clothing,215.06
Electronics,42.32
Toys,71.25
Sports,44.69
Electronics,187.57
Home & Kitchen,300.25
Home & Kitchen,33.48
Home & Kitchen,70.58
Books,243.03
Beauty,278.38
Toys,261.11
Books,93.65
Electronics,297.32
Books,44.72
Books,303.64
Sports,37.83
Books,259.65
Clothing,26.82
Electronics,264.55
Clothing,239.16
Toys,24.64
Home & Kitchen,315.53
Beauty,48.4
Home & Kitchen,114.56
Sports,59.98
Clothing,225.41
Toys,168.44
Toys,103.8
Toys,45
Books,349.67
Beauty,101.62
Clothing,303.34
Electronics,358.02
Sports,187.4
Books,353.16
Home & Kitchen,124.76
Sports,10.33
Electronics,423.28
Beauty,372.63
Clothing,441.72
Books,199.69
Clothing,364.25
Clothing,277.74
Toys,384.2
Home & Kitchen,233.42
Clothing,22.1
Electronics,166.69
Toys,227.48
Electronics,255.06
Toys,93.25
Books,113.02
Clothing,121.13
Sports,87.7
Books,185.48
Home & Kitchen,8.12
Electronics,180.77
Clothing,27.76
Books,448.73
Clothing,193.79
Beauty,59.09
Electronics,64.3
Home & Kitchen,442.91
Electronics,205.35
Electronics,259.21
Toys,213.91
Home & Kitchen,467.8
Sports,386.07
Sports,407.91
Electronics,361.39
Sports,142.16
Beauty,49.18
Home & Kitchen,203.06
Beauty,187.03
Books,117.37
Clothing,109.78
Clothing,236.44
Electronics,262.49
Toys,155.19
Beauty,126.06
Toys,151.76
Books,43.34
Beauty,339.34
Sports,91.36
Books,55.88
Toys,418.47
Clothing,216.4
Clothing,42.7
Electronics,284.9
Beauty,305.81
Home & Kitchen,26.05
Beauty,265.37
Sports,363.14
Electronics,252.85
Toys,44.33
Clothing,344.57
Toys,154.47
Electronics,362.98
Home & Kitchen,148.23
Toys,445.94
Home & Kitchen,268.06
Home & Kitchen,312.35
Clothing,136.64
Sports,98.06
Home & Kitchen,444.16
Home & Kitchen,139.25
Home & Kitchen,88.3
Beauty,61.27
Beauty,373.44
Beauty,316.98
Beauty,416.11
Clothing,346.14
Clothing,11.06
Toys,133.88
Books,153.44
Electronics,279.01
Toys,157.66
Beauty,418.09
Sports,258.77
Electronics,256.4
Electronics,398.93
Electronics,421.99
Books,256.89
Clothing,122.61
Sports,206.8
Books,327.74
Books,101.44
Toys,242.35
Home & Kitchen,39.52
Clothing,338.11
Clothing,421.71
Books,429.27
Clothing,156.37
Toys,200.87
Sports,6.35
Books,37.45
Home & Kitchen,402.85
Books,177.53
Clothing,26.22
Home & Kitchen,215.97
Clothing,175.71
Toys,229.46
Beauty,186.36
Books,87.88
Clothing,113.41
Sports,470.77
Home & Kitchen,189.25
Sports,373.39
Beauty,137.59
Sports,290.25
Sports,265.95
Electronics,128.38
Home & Kitchen,141.84
Clothing,166.55
Beauty,52.29
Books,29.43
Home & Kitchen,218.5
Books,89.32
Clothing,65.94
Books,215.81
Sports,303.93
Home & Kitchen,353.08
Sports,349.59
Books,326.6
Clothing,195.1
Home & Kitchen,130.9
Books,376.82
Electronics,328.17
Toys,390.18
Home & Kitchen,331.78
Home & Kitchen,96.96
Home & Kitchen,479.54
Home & Kitchen,281.63
Beauty,243.47
Home & Kitchen,136.08
Toys,313.68
Home & Kitchen,157.28
Toys,186.29
Toys,50.7
Clothing,72.41
Clothing,366.45
Home & Kitchen,352.67
Toys,309.36
Electronics,370.53
Electronics,128.37
Electronics,425.78
Home & Kitchen,133
Home & Kitchen,301.02
Clothing,454.85
Toys,182.88
Books,333.58
Clothing,71.78
Books,39.38
Clothing,383.25
Electronics,386.97
Electronics,169.52
Beauty,91.78
Home & Kitchen,251.92
Clothing,169.11
Clothing,10.39
Clothing,52.46
Toys,225.2
Sports,162.22
Toys,214.92
Beauty,271.29
Clothing,394.16
Books,76.2
Clothing,158.01
Sports,329.72
Electronics,350.87
Clothing,164.88
Beauty,216.18
Electronics,436.28
Beauty,66.32
Sports,12.77
Sports,217.93
Clothing,140.57
Home & Kitchen,245.57
Toys,283.64
Clothing,232.78
Beauty,211.77
Beauty,307.23
Beauty,221.01
Beauty,299.4
Electronics,182.47
Electronics,342.78
Home & Kitchen,362.81
Beauty,19.02
Clothing,164.95
Electronics,83.6
Home & Kitchen,21.25
Beauty,286.01
Books,71.16
Books,280.17
Toys,30.26
Toys,309.09
Clothing,86.46
Books,22.08
Clothing,369.87
Books,100.81
Sports,281.72
Home & Kitchen,105.52
Toys,169.41
Electronics,140.45
Electronics,307.92
Home & Kitchen,402.38
Beauty,139.84
Books,468.14
Home & Kitchen,209.87
Home & Kitchen,255.53
Sports,308.27
Books,458.94
Books,143.72
Home & Kitchen,383.01
Beauty,43.76
Beauty,147.48
Electronics,29.74
Sports,353.08
Toys,307.32
Home & Kitchen,268.81
Electronics,235.04
Sports,135.23
Toys,217.04
Electronics,351.2
Electronics,84.06
Sports,428.15
Clothing,265.44
Clothing,292.35
Books,198.84
Toys,242.32
Clothing,196.12
Home & Kitchen,320.72
Books,371.05
Clothing,63.01
Home & Kitchen,291.31
Books,372.23
Home & Kitchen,153.82
Books,448.15
Beauty,104.11
Electronics,35.93
Beauty,310.4
Clothing,291.37
Books,55.51
Beauty,159.98
Electronics,132.78
Electronics,328.44
Electronics,187.07
Beauty,444.79
Beauty,285.29
Beauty,277.71
Clothing,365.9
Beauty,320.03
Electronics,174.27
Sports,71.69
Home & Kitchen,320.24
Sports,328.18
Electronics,36.62
Sports,22.6
Beauty,88.34
Books,91.56
Sports,181.35
Home & Kitchen,189.77
Books,307.27
Beauty,102.88
Sports,204.48
Toys,226.34
Books,168.56
Electronics,334.26
Beauty,364.07
Books,68.01
Electronics,193.81
Beauty,243.65
Clothing,416.01
Sports,345.81
Home & Kitchen,259.15
Toys,116.48
Toys,36.02
Clothing,262.73
Home & Kitchen,172.33
Beauty,433.16
Sports,264.85
Toys,379.11
Toys,182.22
Toys,193.05
Books,328.63
Sports,328.1
Home & Kitchen,59.19
Home & Kitchen,344.68
Toys,281.97
Sports,146.99
Clothing,317.26
Toys,377.73
Books,180.17
Clothing,168.45
Beauty,38.05
Books,122.34
Home & Kitchen,354.83
Clothing,360.33
Sports,129.7
Clothing,110.93
Clothing,294.63
Beauty,248.46
Clothing,166.25
Clothing,150.12
Sports,396.49
Electronics,182.87
Clothing,314.63
Home & Kitchen,235.86
Sports,377
Clothing,264.29
Books,15.54
Sports,379.89
Beauty,54.76
Toys,121.17
Beauty,42.85
Books,211.38
Electronics,255.08
Books,357.92
Home & Kitchen,198.39
Home & Kitchen,226.61
Electronics,82.68
Electronics,10.6
Sports,26.16
Sports,74.53
Home & Kitchen,33.98
Sports,71.21
Electronics,13.12
Sports,141.13
Clothing,284.88
Electronics,244.89
Clothing,293.22
Electronics,185.5
Beauty,304.93
Toys,342.06
Electronics,307.03
Electronics,147.24
Clothing,147.68
Toys,130.75
Home & Kitchen,242.93
Beauty,12.58
Clothing,8.11
Beauty,379.15
Electronics,289.38
Sports,398.1
Toys,379.45
Sports,29.79
Books,15.65
Beauty,157.79
Toys,97.91
Beauty,83.3
Toys,80.16
Home & Kitchen,16.36
Books,243.49
Beauty,309.83
Beauty,382.3
Toys,306.09
Toys,437.3
Clothing,18.07
Home & Kitchen,86.34
Electronics,90.63
Home & Kitchen,12.42
Beauty,324.65
Sports,154.81
Books,197.66
Home & Kitchen,54.98
Home & Kitchen,151.87
Books,290.73
Beauty,349.68
Clothing,426.87
Home & Kitchen,42.7
Beauty,63.08
Home & Kitchen,421.63
Beauty,254.87
Electronics,58.81
Books,217.25
Home & Kitchen,349.01
Books,316.69
Books,394.74
Home & Kitchen,81.05
Books,80.25
Clothing,402.68
Clothing,328.65
Clothing,208.21
Beauty,305.23
Toys,330.43
Home & Kitchen,118.27
Sports,255.19
Books,55.24
Home & Kitchen,39.68
Home & Kitchen,118.69
Books,406.69
Beauty,351.16
Sports,308.12
Home & Kitchen,204.67
Sports,174.23
Electronics,72.79
Clothing,57.12
Books,286.08
Beauty,84.92
Clothing,168.56
Clothing,38.09
Home & Kitchen,362.13
Electronics,109.5
Toys,32.04
Electronics,280.75
Clothing,340.34
Electronics,40.79
Books,125.32
Electronics,406.82
Toys,153.44
Beauty,27.83
Electronics,277.37
Sports,66.8
Toys,39.76
Clothing,351.4
Electronics,11.6
Toys,100.29
Books,220.2
Beauty,40.51
Home & Kitchen,162.47
Books,238.29
Clothing,154.83
Electronics,275.92
Toys,183.45
Electronics,45.34
Sports,49.46
Beauty,71.39
Home & Kitchen,78.77
Sports,211.57
Toys,80.47
Books,155.98
Books,402.83
Beauty,317.02
Home & Kitchen,20.82
Home & Kitchen,182.71
Sports,206.61
Home & Kitchen,58.34
Sports,110.78
Toys,368.54
Clothing,281.27
Toys,305.9
Electronics,195.34
Clothing,314.64
Sports,52.42
Clothing,286.23
Sports,39.91
Home & Kitchen,104.95
Electronics,175.99
Books,133.05
Clothing,407.94
Electronics,217.54
Home & Kitchen,113.75
Books,325.94
Toys,293.43
Home & Kitchen,194
Clothing,382.56
Toys,432.13
Electronics,263.07
Home & Kitchen,26.42
Clothing,187.87
Electronics,288.22
Clothing,244.59
Home & Kitchen,315.45
Home & Kitchen,148.06
Home & Kitchen,257.85
Electronics,224.68
Home & Kitchen,214.73
Beauty,467.38
Electronics,56.34
Electronics,395.76
Toys,13.04
Toys,177.03
Home & Kitchen,158.79
Electronics,146.09
Home & Kitchen,271.06
Home & Kitchen,44.2
Sports,98.44
Sports,431.33
Toys,38.32
Toys,343
Toys,103.23
Books,341.77
Home & Kitchen,123.94
Home & Kitchen,28.76
Beauty,21.25
Toys,328.06
Home & Kitchen,73.91
Toys,235.58
Clothing,138.95
Books,201.05
Sports,178.61
Home & Kitchen,272.51
Clothing,239.9
Clothing,170.93
Beauty,46.08
Toys,262.39
Home & Kitchen,12.38
Books,139.35
Sports,260.81
Beauty,189.05
Sports,71.69
Toys,294.48
Books,397.85
Electronics,321.83
Sports,334.51
Electronics,60.2
Electronics,417.54
Sports,273.42
Beauty,118.27
Beauty,329.36
Beauty,215.22
Beauty,114.79
Toys,66.74
Beauty,433.41
Electronics,208.66
Books,156.44
Books,437.82
Toys,85.65
Toys,65.53
Electronics,17.28
Electronics,173.62
Beauty,361.66
Electronics,178.97
Home & Kitchen,135.72
Toys,24.51
Clothing,430.38
Books,399.53
Sports,393.1
Home & Kitchen,164.22
Clothing,317.43
Electronics,240.18
Electronics,430.52
Beauty,330.86
Sports,186.93
Sports,124.03
Beauty,306.36
Clothing,495.02
Electronics,279.05
Books,404.26
Toys,42.79
Toys,152.57
Clothing,199.75
Sports,117.96
Beauty,450.56
Toys,8.71
Sports,368.22
Sports,182.36
Clothing,304.81
Clothing,205.54
Toys,153.36
Toys,280.19
Clothing,318.51
Sports,418.48
Sports,386.23
Electronics,72.93
Sports,146.96
Home & Kitchen,165.59
Toys,81.03
Clothing,185.11
Home & Kitchen,303.29
Beauty,268.86
Beauty,66.27
Electronics,172.36
Books,399.49
Sports,37.61
Books,382.72
Electronics,349.15
Home & Kitchen,104.66
Beauty,118.26
Beauty,356.13
Home & Kitchen,41.89
Electronics,16.9
Electronics,25.32
Beauty,292.97
Books,82.05
Home & Kitchen,222.04
Sports,191.7
Clothing,229.65
Sports,225.25
Electronics,175.25
Beauty,402.82
Electronics,8.97
Clothing,186.27
Toys,24.45
Books,187.12
Books,301.12
Clothing,149.98
Clothing,404.12
Books,19.82
Toys,249.5
Books,46.41
Beauty,26.6
Clothing,82.22
Home & Kitchen,131.53
Beauty,170.78
Beauty,272.26
Home & Kitchen,271.88
Sports,41.53
Home & Kitchen,144.13
Home & Kitchen,57.67
Toys,368.7
Clothing,372.71
Clothing,154.12
Books,238.68
Electronics,110.95
Books,254.25
Electronics,125.41
Beauty,177.94
Toys,427.38
Books,138.04
Clothing,319.48
Books,487.06
Electronics,306.76
Home & Kitchen,87.38
Home & Kitchen,226.87
Toys,173.68
Electronics,178.45
Beauty,246.25
Toys,152.28
Clothing,271.97
Sports,90.39
Toys,324.23
Home & Kitchen,142.27
Home & Kitchen,89.13
Beauty,336.97
Electronics,40.45
Electronics,200.27
Toys,154.76
Home & Kitchen,467.03
Books,327.82
Electronics,86.09
Toys,378.69
Home & Kitchen,59.44
Sports,65.36
Books,63.54
Sports,232.82
Home & Kitchen,438.55
Home & Kitchen,295.2
Electronics,136.03
Clothing,273
Home & Kitchen,387.33
Toys,53
Clothing,411.31
Books,119.41
Home & Kitchen,127.28
Beauty,170.64
Clothing,395.33
Clothing,60.28
Electronics,412.28
Toys,140.52
Toys,218.88
Books,266.2
Electronics,28.29
Clothing,457.68
Sports,230.27
Electronics,39.34
Electronics,27.62
Sports,165.06
Home & Kitchen,79.82
Electronics,284.31
Clothing,193.74
Toys,234.47
Sports,106.83
Sports,96.32
Clothing,65.58
Books,197.41
Beauty,184.81
Clothing,219.41
Sports,201.48
Electronics,133.86
Books,264.67
Electronics,412.89
Books,62.82
Beauty,143.46
Sports,392.76
Toys,44.65
Books,332.35
Toys,141.27
Clothing,129.52
Toys,291.53
Books,177.92
Sports,392.5
Books,145.9
Electronics,111.8
Electronics,199.86
Beauty,243.94
Toys,189.36
Sports,59.95
Books,319.26
Beauty,393.91
Clothing,63.97
Toys,175.15
Clothing,69.62
Home & Kitchen,404.71
Home & Kitchen,238.53
Books,244.37
Toys,72
Electronics,249.37
Books,81.38
Toys,145.37
Sports,37.44
Toys,456.85
Clothing,55.7
Clothing,36.19
Home & Kitchen,272.78
Home & Kitchen,263.81
Beauty,192.17
Home & Kitchen,147.77
Clothing,303.69
Home & Kitchen,162.51
Books,412.94
Toys,39.67
Electronics,125.2
Sports,354.46
Home & Kitchen,188
Toys,225.37
Sports,342.7
Sports,331.95
Sports,176.35
Books,107.36
Books,224.67
Toys,31.63
Books,36.95
Clothing,381.42
Beauty,468.43
Clothing,117.31
Sports,228.36
Electronics,234.48
Books,49.86
Electronics,79.22
Toys,333.83
Home & Kitchen,241.56
Books,93.17
Clothing,329.27
Clothing,306.17
Books,201.23
Clothing,316.03
Sports,63.93
Toys,302.59
Clothing,472.19
Toys,255
Clothing,35.15
Clothing,99.83
Electronics,179.24
Books,11.24
Electronics,361.89
Books,11.23
Electronics,193.06
Electronics,313.36
Sports,80.81
Toys,408.85
Toys,311.34
Toys,13.3
Toys,71.2
Toys,230.56
Beauty,453.41
Beauty,281.28
Books,96.96
Beauty,300.52
Sports,134.97
Home & Kitchen,168.07
Toys,99.78
Home & Kitchen,89.94
Home & Kitchen,274.17
Books,342.9
Home & Kitchen,180.2
Home & Kitchen,85.64
Home & Kitchen,141.88
Beauty,156.74
Clothing,366.93
Sports,135.76
Clothing,380.14
Sports,251.13
Sports,303.87
Beauty,400.74
Beauty,10.05
Sports,344.34
Sports,235.36
Sports,126.9
Home & Kitchen,320.08
Toys,233.48
Toys,266.69
Beauty,436.53
Toys,293.55
Books,12.82
Electronics,145.72
Clothing,126.75
Books,111.34
Home & Kitchen,136.1
Home & Kitchen,153.82
Electronics,371.9
Home & Kitchen,128.95
Home & Kitchen,337.58
Clothing,417.89
Books,130.27
Electronics,343.06
Beauty,340.48
Home & Kitchen,102.25
Clothing,471.03
Clothing,357.49
Home & Kitchen,214.62
Books,247.08
Electronics,302.9
Clothing,146.83
Toys,11.96
Sports,304.6
Clothing,74.49
Home & Kitchen,242.32
Sports,129.11
Toys,306.95
Clothing,416.7
Books,73.46
Sports,82.75
Books,230.33
Books,99.06
Toys,68.05
Sports,86.42
Toys,134.72
Electronics,253.52
Clothing,71.08
Beauty,346.92
Home & Kitchen,51.82
Home & Kitchen,258.99
Clothing,184.42
Toys,325.36
Books,89.55
Beauty,50.71
Sports,220.26
Books,102.34
Beauty,59.97
Toys,217.3
Books,217.03
Toys,383.51
Sports,250.78
Clothing,424.81
Toys,370.12
Home & Kitchen,64.55
Sports,405.86
Beauty,190.55
Home & Kitchen,103.22
Sports,284.81
Clothing,27.68
Books,161.07
Books,177.99
Sports,479.31
Home & Kitchen,117.79
Electronics,354.92
Beauty,296.17
Home & Kitchen,399.27
Toys,348.48
Electronics,296.3
Books,341.92
Books,347.18
Home & Kitchen,28.77
Beauty,344.15
Clothing,207.94
Clothing,39.21
Home & Kitchen,219.34
Sports,437.65
Toys,342.65
Clothing,214.75
Sports,367.19
Home & Kitchen,190.17
Home & Kitchen,229.02
Books,250.97
Clothing,96.26
Toys,169.52
Sports,172.28
Home & Kitchen,76.04
Beauty,448.96
Toys,62.51
Sports,288.05
Clothing,132.52
Books,311.15
Sports,144.11
Sports,433.94
Clothing,120.66
Sports,434.47
Home & Kitchen,115.08
Home & Kitchen,221.56
Home & Kitchen,394.59
Electronics,334.27
Sports,296.88
Clothing,41.58
Toys,298.43
Home & Kitchen,361.04
Beauty,23.92
Beauty,196.95
Books,302.85
Home & Kitchen,223.33
Electronics,27.22
Electronics,76.37
Toys,418.08
Clothing,213.95
Sports,163.54
Clothing,218.86
Books,222.86
Beauty,244.32
Electronics,237.14
Beauty,177.06
Sports,45.33
Electronics,106.14
Sports,359.45
Electronics,262.7
Home & Kitchen,265.38
Books,168.26
Home & Kitchen,440.06
Sports,84
Home & Kitchen,26.77
Sports,414.27
Beauty,44.39
Electronics,225.72
Electronics,160.97
Beauty,377.34
Books,309.09
Beauty,196.97
Clothing,231.85
Electronics,14.1
Electronics,107.5
Beauty,183.66
Beauty,383.36
Sports,139.14
Toys,199.47
Electronics,144.55
Clothing,93.94
Toys,169.56
Toys,393.81
Toys,166.98
Books,360.87
Books,117.44
Electronics,123.79
Books,165.78
Sports,122.98
Electronics,260.45
Toys,440.36
Books,235.18
Books,334.38
Home & Kitchen,111.96
Toys,84.41
Home & Kitchen,51.18
Electronics,128.35
Clothing,28.31
Beauty,132.88
Home & Kitchen,267.85
Clothing,83.5
Home & Kitchen,246.77
Electronics,231.24
Toys,183.3
Home & Kitchen,64.37
Electronics,271.39
Toys,178.09
Clothing,104.37
Home & Kitchen,246.62
Electronics,181.96
Books,223.27
Beauty,80.2
Clothing,321.11
Toys,246.18
Toys,196.2
Beauty,229.56
Beauty,53.15
Electronics,241.88
Toys,48.1
Beauty,208.77
Home & Kitchen,51.92
Sports,22.7
Clothing,51.14
Books,199.17
Books,204.72
Sports,168.21
Beauty,230.21
Beauty,358.86
Sports,91.49
Books,263.63
Books,208.53
Books,251.23
Clothing,66.18
Clothing,265.25
Home & Kitchen,324.98
Electronics,185.11
Beauty,28.99
Beauty,128.35
Sports,94.67
Sports,21.97
Books,364.52
Beauty,208.15
Books,39.85
Beauty,372.23
Home & Kitchen,282.15
Sports,133.42
Books,80.69
Home & Kitchen,164.53
Sports,235.25
Clothing,336.7
Toys,48.48
Beauty,393.55
Electronics,321.91
Toys,437.98
Beauty,47.45
Electronics,44.67
Clothing,306.27
Beauty,390.94
Electronics,199.28
Books,19.84
Sports,178.81
Toys,254.1
Books,198.28
Toys,456.74
Electronics,225.2
Clothing,218.89
Sports,383.56
Beauty,77.41
Home & Kitchen,195.19
Electronics,211.34
Sports,43.25
Clothing,314.46
Home & Kitchen,44.08
Toys,338.27
Books,226.12
Clothing,43.43
Books,143.47
Clothing,247.21
Books,84.24
Beauty,347.27
Books,145.27
Sports,264.94
Sports,240.01
Home & Kitchen,165.86
Books,122.79
Sports,137.57
Beauty,283.14
Home & Kitchen,146.74
Clothing,120.91
Books,189.63
Electronics,185.48
Home & Kitchen,366.53
Sports,29.53
Home & Kitchen,239.02
Books,109.59
Books,107.44
Home & Kitchen,99.66
Clothing,327.53
Books,259.1
Home & Kitchen,316.59
Books,87.17
Home & Kitchen,332.4
Sports,87.81
Electronics,16.09
Beauty,74.66
Clothing,181.55
Sports,43.03
Beauty,333.23
Toys,229.77
Electronics,150.34
Beauty,174.08
Home & Kitchen,418.41
Sports,391.14
Beauty,332.8
Electronics,135.01
Home & Kitchen,293.73
Books,59.97
Books,209.34
Home & Kitchen,196.39
Sports,271.25
Home & Kitchen,52.6
Electronics,184.47
Toys,141.33
Home & Kitchen,323.17
Sports,380.46
Books,444.65
Books,161.59
Beauty,39.49
Home & Kitchen,193.48
Sports,139.82
Beauty,166.07
Clothing,294.52
Sports,201.85
Books,230.99
Beauty,226.19
Sports,122.36
Books,347.88
Toys,161.14
Home & Kitchen,121.36
Electronics,388.27
Electronics,125.84
Sports,299.89
Beauty,120.58
Clothing,265.3
Electronics,200.15
Home & Kitchen,125.7
Electronics,158.02
Electronics,322.42
Clothing,218.36
Clothing,317.06
Books,212.26
Beauty,214.92
Sports,26.94
Beauty,268.83
Books,417.45
Toys,37.43
Beauty,153.39
Toys,153.45
Beauty,12.33
Home & Kitchen,390.82
Beauty,272.16
Beauty,128.21
Sports,12.61
Sports,291.15
Clothing,9.88
Clothing,322.62
Sports,25.69
Sports,168.94
Electronics,210.76
Beauty,89.13
Books,436.57
Home & Kitchen,238.97
Clothing,250.96
Sports,263.23
Clothing,166.11
Clothing,300.55
Toys,30.63
Beauty,199.02
Home & Kitchen,286.69
Clothing,367.5
Toys,300.06
Toys,67.4
Beauty,15.06
Sports,209.81
Beauty,323.83
Books,64.08
Electronics,31.56
Toys,301.63
Home & Kitchen,111.69
Clothing,54.34
Sports,243.82
Books,372.75
Toys,229.31
Home & Kitchen,193.68
Toys,238.94
Books,37.26
Home & Kitchen,470.7
Home & Kitchen,85.09
Books,372.44
Electronics,132.7
Electronics,154.96
Electronics,314.67
Sports,350.18
Beauty,69.82
Books,157.63
Clothing,24.16
Toys,145.56
Beauty,56.97
Clothing,268.05
Books,265.2
Electronics,210.34
Clothing,45.33
Books,367.94
Books,115.81
Beauty,454.48
Electronics,292.37
Books,242.9
Books,382.19
Sports,329.44
Toys,9.95
Beauty,116.25
Books,371.38
Clothing,110.66
Clothing,344.62
Books,310.18
Sports,420.44
Clothing,13.92
Clothing,246.59
Electronics,13.82
Beauty,232.41
Beauty,83.55
Clothing,200.66
Beauty,55.64
Clothing,36.16
Toys,63.28
Beauty,316.89
Electronics,62.75
Books,322.49
Toys,239.36
Home & Kitchen,200.77
Beauty,390.62
Toys,75.58
Books,13.42
Books,20.58
Sports,231
Home & Kitchen,22.42
Toys,126.58
Clothing,125.04
Books,373.02
Beauty,66.61
Beauty,72.41
Books,93.17
Toys,132.85
Beauty,125.1
Sports,34.77
Sports,301.74
Toys,467.12
Electronics,45.12
Electronics,76.05
Home & Kitchen,284.93
Beauty,422.38
Clothing,94.09
Clothing,247.87
Electronics,53.13
Clothing,131.62
Books,37.43
Clothing,180.82
Clothing,178.87
Beauty,112.81
Clothing,111.31
Beauty,78.97
Toys,142.2
Electronics,123.6
Toys,123.71
Sports,32.24
Books,23.31
Books,362.05
Electronics,142.94
Home & Kitchen,277.77
Toys,317.61
Home & Kitchen,158.04
Books,286.45
Home & Kitchen,304.45
Books,180.86
Home & Kitchen,147.17
Clothing,320.44
Sports,197.66
Toys,436.56
Clothing,45.99
Toys,269.42
Toys,232.25
Electronics,263.11
Sports,315.8
Toys,404.6
Clothing,319.53
Toys,142.06
Electronics,144.91
Clothing,275.71
Books,168.18
Sports,198.38
Books,52.27
Beauty,228.34
Books,90.09
Books,181.63
Beauty,133.6
Toys,126.61
Toys,196.91
Toys,124.34
Home & Kitchen,213.73
Toys,323.2
Clothing,252.33
Electronics,141.68
Clothing,472.32
Home & Kitchen,81.26
Electronics,316.58
Electronics,110.75
Electronics,272.66
Electronics,268.18
Beauty,19.08
Toys,368.6
Toys,155.46
Home & Kitchen,140.94
Sports,60.7
Books,368.65
Clothing,166.68
Electronics,83.98
Electronics,81.1
Beauty,254.69
Toys,280.33
Sports,207.18
Home & Kitchen,106.56
Electronics,48.26
Electronics,137.72
Toys,148.37
Electronics,107.94
Beauty,79.39
Books,374.08
Toys,236.59
Beauty,186.94
Beauty,72.11
Home & Kitchen,209.08
Books,247.26
Electronics,221.4
Toys,58.97
Beauty,204.89
Home & Kitchen,165.07
Books,228.69
Books,71.82
Beauty,323.68
Beauty,288.86
Beauty,287.78
Books,29.68
Sports,417.89
Toys,298.34
Books,302.86
Electronics,215.12
Clothing,104.95
Beauty,345.92
Home & Kitchen,80.95
Electronics,235.26
Electronics,279.26
Clothing,293.08
Sports,410.41
Electronics,86.13
Sports,67.96
Books,342.58
Beauty,199.83
Books,125.28
Toys,25.76
Sports,484.56
Home & Kitchen,47.91
Sports,97.22
Home & Kitchen,229.8
Beauty,198.26
Clothing,207.21
Toys,381.03
Books,123.74
Clothing,78.14
Books,161.3
Clothing,350.47
Electronics,199.24
Home & Kitchen,33.89
Electronics,325.52
Home & Kitchen,174.94
Home & Kitchen,173.24
Sports,282.62
Books,394.83
Clothing,48.56
Sports,185.29
Sports,263.85
Beauty,190.88
Beauty,161.94
Clothing,211.69
Books,371.67
Toys,393.1
Beauty,117.24
Electronics,164.42
Sports,246.32
Clothing,152.26
Books,206.25
Clothing,373.1
Sports,67.86
Toys,365.72
Beauty,333.65
Beauty,93.79
Home & Kitchen,39.71
Home & Kitchen,124
Electronics,237.42
Books,419.32
Books,275
Toys,172.5
Books,163.83
Books,367.07
Books,251.09
Beauty,486.79
Toys,180.94
Home & Kitchen,389.76
Electronics,313.36
Home & Kitchen,165.04
